-- phpMyAdmin SQL Dump
-- version 4.5.1
-- http://www.phpmyadmin.net
--
-- Хост: 127.0.0.1
-- Время создания: Авг 27 2016 г., 12:32
-- Версия сервера: 10.1.8-MariaDB
-- Версия PHP: 5.5.30

SET SQL_MODE = "NO_AUTO_VALUE_ON_ZERO";
SET time_zone = "+00:00";
SET NAMES "utf8";

/*!40101 SET @OLD_CHARACTER_SET_CLIENT=@@CHARACTER_SET_CLIENT */;
/*!40101 SET @OLD_CHARACTER_SET_RESULTS=@@CHARACTER_SET_RESULTS */;
/*!40101 SET @OLD_COLLATION_CONNECTION=@@COLLATION_CONNECTION */;
/*!40101 SET NAMES utf8mb4 */;

--
-- База данных: `indocsnet`
--
USE iNDocsNet;
-- --------------------------------------------------------

--
-- Структура таблицы `groups`
--
DROP TABLE IF EXISTS `groups`;
CREATE TABLE `groups` (
  `id` bigint(20) NOT NULL,
  `group_id` bigint(20) NOT NULL,
  `name` varchar(64) NOT NULL,
  `native_lang_name` varchar(128) CHARACTER SET utf8 COLLATE utf8_unicode_ci NOT NULL,
  `leafable` tinyint(1) NOT NULL DEFAULT '1' COMMENT '1 - means PLEASE add leafs how mach You want, 0 - means NO leafs NEVER',
  `properties` varchar(8192) NOT NULL
) ENGINE=MyISAM DEFAULT CHARSET=utf8;

--
-- Дамп данных таблицы `groups`
--

INSERT INTO `groups` (`id`, `group_id`, `name`, `native_lang_name`, `leafable`, `properties`) VALUES
(1, 0, 'root', 'Каталог', 0, ''),
(2, 1, 'Goods', 'Товары', 0, ''),
(3, 2, 'Services', 'Услуги', 0, ''),
(4, 3, 'Education', 'Образование', 0, ''),
(5, 4, 'Health care', 'Здравоохранение', 0, ''),
(6, 5, 'Recreation', 'Отдых', 0, ''),
(7, 6, 'Sport', 'Спорт', 0, ''),
(8, 7, 'State', 'Государство', 0, ''),
(9, 8, 'Science', 'Наука', 0, ''),
(10, 9, 'Countries', 'Страны', 0, ''),
(11, 10, 'Peoples', 'Народы', 0, ''),
(12, 11, 'Art', 'Искусство', 0, ''),
(13, 12, 'Religion', 'Религия', 0, ''),
(14, 13, 'RealEstate', 'Недвижимость', 0, ''),
(15, 14, 'Transport', 'Транспорт', 0, ''),
(16, 15, 'FoodStuffs', 'Продукты питания', 0, ''),
(17, 16, 'Clothing', 'Одежда', 0, ''),
(18, 17, 'Shoes', 'Обувь', 0, ''),
(19, 18, 'Furniture', 'Мебель', 0, ''),
(20, 19, 'ElectricalGoods', 'Электробытовая техника', 0, ''),
(21, 20, 'Computers', 'Компьютеры', 0, ''),
(22, 21, 'CellPhones', 'Мобильные телефоны', 0, ''),
(23, 22, 'HouseholdGoods', 'Хозтовары', 0, ''),
(24, 23, 'BuildingMaterials', 'Стройматериалы', 0, ''),
(25, 24, 'Instruments', 'Инструменты', 0, ''),
(26, 25, 'InternetServices', 'Интернет услуги', 0, ''),
(27, 26, 'DomesticServices', 'Бытовые услуги', 0, ''),
(28, 27, 'Nosologies', 'Заболевания', 0, ''),
(29, 28, 'Clinics', 'Лечебные заведения', 0, ''),
(30, 29, 'Touring', 'Туризм', 1, ''),
(31, 30, 'Excursions', 'Экскурсии', 1, ''),
(33, 32, 'Fitness', 'Фитнесс', 1, ''),
(34, 33, 'Reading', 'Чтение', 1, ''),
(35, 34, 'CultureEvents', 'События культуры', 1, ''),
(36, 35, 'Entertainments', 'Увеселительные заведения', 1, ''),
(37, 36, 'Camping', 'Отдых на природе', 1, ''),
(38, 37, 'Huntig', 'Охота', 1, ''),
(39, 38, 'Fishing', 'Рыбалка', 1, ''),
(40, 39, 'TV', 'Просмотр телепередач', 1, ''),
(41, 40, 'Video', 'Просмотр видеозаписей', 1, ''),
(42, 41, 'Idleness', 'Ничегонеделание', 1, ''),
(45, 42, 'KindsOfSports', 'Виды спорта', 0, ''),
(46, 43, 'SportEvents', 'Спортивные события', 0, ''),
(47, 44, 'ResortTourism', 'Курортный туризм', 1, ''),
(48, 45, 'AutoTravel', 'Автотуризм', 1, ''),
(49, 46, 'ResortsOfTurkey', 'Курорты Турции', 1, ''),
(50, 47, 'ResortsOfEgypt', 'Курорты Египта', 1, ''),
(51, 48, 'ResortsOfThailand', 'Курорты Тайланда', 1, ''),
(52, 49, 'ResortsOfFrance', 'Курорты Франции', 1, ''),
(53, 50, 'ResortsOfSpain', 'Курорты Испании', 1, ''),
(54, 51, 'Higher', 'Высшее', 1, ''),
(97, 55, 'Other', 'Прочее', 1, ''),
(79, 53, 'Special', 'Специальное', 1, ''),
(78, 52, 'Secondary', 'Среднее', 1, ''),
(98, 56, 'Job', 'Работа', 1, ''),
(95, 54, 'Beginners', 'Начальное', 1, ''),
(99, 57, 'Profession', 'Профессии', 1, ''),
(100, 58, 'Employers', 'Работодатели', 1, ''),
(101, 59, 'Teacher', 'Учитель', 1, ''),
(102, 60, 'Medic', 'Врач', 1, ''),
(103, 61, 'LandTransport', 'Наземный', 1, ''),
(104, 62, 'AirTransport', 'Воздушный', 1, ''),
(105, 63, 'WaterTransport', 'Водный', 1, ''),
(106, 64, 'Auto', 'Автомобильный', 1, ''),
(107, 65, 'Railways', 'Железнодорожный', 1, ''),
(108, 66, 'Car', 'Легковой', 1, ''),
(109, 67, 'Truck', 'Грузовой', 1, ''),
(110, 68, 'Publick', 'Общественный', 1, ''),
(111, 69, 'Special', 'Специальный', 1, ''),
(112, 70, 'SpaceTransport', 'Космический', 1, ''),
(113, 71, 'Monorail', 'Монорельсовый', 1, ''),
(114, 72, 'Honda', 'Хонда', 1, ''),
(115, 73, 'Sedan', 'Седан', 1, ''),
(116, 74, 'Wagoon', 'Универсал', 1, ''),
(117, 75, 'Hatchback', 'Хэчбэк', 1, ''),
(118, 76, 'Roadster', 'Родстер', 1, ''),
(119, 77, 'SUV', 'Внедорожник', 1, ''),
(120, 78, 'Cupe', 'Купэ', 1, ''),
(121, 79, 'SportsCar', 'Спорткар', 1, ''),
(122, 80, 'GolfClass', 'Гольфкласс', 1, ''),
(123, 81, 'CompactCar', 'Компакткар', 1, ''),
(124, 82, 'ElectricVehicle', 'Электромобиль', 1, ''),
(125, 83, 'CarProducer', 'Производители автомобилей', 1, ''),
(126, 84, 'Ford', 'Форд', 1, ''),
(128, 85, 'DeimlerBenz', 'Мерседес', 1, ''),
(129, 86, 'BMW', 'БМВ', 1, ''),
(130, 87, 'Honda', 'Хонда', 1, ''),
(131, 88, 'Toyota', 'Тойота', 1, ''),
(135, 91, 'Apartment', 'Квартира', 1, ''),
(133, 90, 'Nissan', 'Ниссан', 1, ''),
(136, 92, 'House', 'Дом', 1, ''),
(137, 93, 'Land', 'Земельный участок', 1, ''),
(138, 94, 'DairyFoods', 'Молочные', 1, ''),
(139, 95, 'MeatFood', 'Мясные', 1, ''),
(140, 96, 'FlourFood', 'Мучные', 1, ''),
(141, 97, 'FishFoods', 'Рыбные', 1, ''),
(142, 98, 'Vegetables', 'Овощи', 1, ''),
(143, 99, 'Fruit', 'Фрукты', 1, ''),
(144, 100, 'Seafood', 'Морепродукты', 1, ''),
(145, 101, 'Drinkables', 'Напитки', 1, ''),
(146, 102, 'Milk', 'Молоко', 1, ''),
(147, 103, 'Kefir', 'Кефир', 1, ''),
(148, 104, 'SourCream', 'Сметана', 1, ''),
(149, 105, 'Cheese', 'Сыр', 1, ''),
(150, 106, 'CottageCheese', 'Творог', 1, ''),
(151, 107, 'Civic', 'Civic', 1, ''),
(152, 108, 'CRV', 'CRV', 1, ''),
(153, 109, 'Accord', 'Accord', 1, ''),
(154, 110, 'Outerwear', 'Верхняя одежда', 1, ''),
(155, 111, 'Room', 'Комната', 1, ''),
(156, 112, 'VacationHouse', 'Загородный дом', 1, ''),
(157, 113, 'CityHouse', 'Городской дом', 1, ''),
(158, 114, 'ApartmentHouse', 'Многоквартирный дом', 1, ''),
(159, 115, 'OfficeBuilding', 'Офисное здание', 1, ''),
(160, 116, 'ShopBuilding', 'Торговое здание', 1, ''),
(161, 117, 'IndustrialPremises', 'Промышленное Здание', 1, ''),
(162, 118, 'StorageBuilding', 'Складское здание', 1, ''),
(163, 119, 'Elevator', 'Элеватор', 1, '');

-- --------------------------------------------------------

--
-- Структура таблицы `groups_graph`
--
DROP TABLE IF EXISTS `groups_graph`;
CREATE TABLE `groups_graph` (
  `parent_group_id` bigint(20) NOT NULL DEFAULT '-1',
  `group_id` bigint(20) NOT NULL DEFAULT '-1',
  `group_order` int(11) NOT NULL,
  `properties` text NOT NULL
) ENGINE=InnoDB DEFAULT CHARSET=latin1;

--
-- Дамп данных таблицы `groups_graph`
--

INSERT INTO `groups_graph` (`parent_group_id`, `group_id`, `group_order`, `properties`) VALUES
(-1, 0, 0, ''),
(0, 1, 1, ''),
(0, 2, 2, ''),
(0, 3, 3, ''),
(0, 4, 4, ''),
(0, 5, 5, ''),
(0, 6, 6, ''),
(0, 7, 7, ''),
(0, 8, 8, ''),
(0, 9, 9, ''),
(0, 10, 10, ''),
(0, 11, 11, ''),
(1, 13, 1, ''),
(0, 12, 12, ''),
(1, 14, 2, ''),
(1, 15, 3, ''),
(1, 16, 4, ''),
(1, 17, 5, ''),
(1, 18, 6, ''),
(1, 19, 7, ''),
(1, 20, 8, ''),
(1, 21, 9, ''),
(1, 22, 10, ''),
(1, 23, 11, ''),
(1, 24, 12, ''),
(2, 25, 1, ''),
(2, 26, 2, ''),
(4, 27, 1, ''),
(4, 28, 2, ''),
(5, 29, 1, ''),
(5, 30, 2, ''),
(5, 32, 3, ''),
(5, 33, 5, ''),
(5, 34, 6, ''),
(5, 35, 7, ''),
(5, 36, 8, ''),
(5, 37, 9, ''),
(5, 38, 10, ''),
(5, 39, 11, ''),
(5, 40, 12, ''),
(5, 41, 13, ''),
(6, 42, 1, ''),
(6, 43, 2, ''),
(29, 44, 1, ''),
(29, 45, 2, ''),
(44, 46, 1, ''),
(44, 47, 2, ''),
(44, 48, 3, ''),
(44, 49, 4, ''),
(44, 50, 5, ''),
(5, 6, 4, ''),
(3, 52, 2, '|2015-11-07|'),
(3, 53, 3, '|2015-11-07|'),
(3, 51, 1, ''),
(3, 54, 3, '|2015-11-07|'),
(3, 55, 4, '|2015-11-07|'),
(13, 111, 4, '|2015-11-07|'),
(56, 57, 1, '|2015-11-07|'),
(56, 58, 2, '|2015-11-07|'),
(57, 59, 1, '|2015-11-07|'),
(57, 60, 2, '|2015-11-07|'),
(14, 61, 1, '|2015-11-07|'),
(14, 62, 2, '|2015-11-07|'),
(14, 63, 3, '|2015-11-07|'),
(61, 64, 1, '|2015-11-07|'),
(61, 65, 2, '|2015-11-07|'),
(64, 66, 1, '|2015-11-07|'),
(64, 67, 2, '|2015-11-07|'),
(64, 68, 3, '|2015-11-07|'),
(64, 69, 4, '|2015-11-07|'),
(14, 70, 4, '|2015-11-07|'),
(61, 71, 3, '|2015-11-07|'),
(66, 73, 1, '|2015-11-07|'),
(66, 74, 2, '|2015-11-07|'),
(66, 75, 3, '|2015-11-07|'),
(66, 76, 4, '|2015-11-07|'),
(66, 77, 5, '|2015-11-07|'),
(66, 78, 6, '|2015-11-07|'),
(66, 79, 7, '|2015-11-07|'),
(66, 80, 8, '|2015-11-07|'),
(66, 81, 9, '|2015-11-07|'),
(66, 82, 10, '|2015-11-07|'),
(66, 83, 11, '|2015-11-07|'),
(83, 84, 1, '|2015-11-07|'),
(83, 85, 2, '|2015-11-07|'),
(83, 86, 3, '|2015-11-07|'),
(83, 87, 4, '|2015-11-07|'),
(83, 88, 5, '|2015-11-07|'),
(13, 91, 1, '|2015-11-07|'),
(13, 92, 2, '|2015-11-07|'),
(13, 93, 3, '|2015-11-07|'),
(15, 94, 1, '|2015-11-07|'),
(15, 95, 2, '|2015-11-07|'),
(15, 96, 3, '|2015-11-07|'),
(15, 97, 4, '|2015-11-07|'),
(15, 98, 5, '|2015-11-07|'),
(15, 99, 6, '|2015-11-07|'),
(15, 100, 7, '|2015-11-07|'),
(15, 101, 8, '|2015-11-07|'),
(94, 102, 1, '|2015-11-07|'),
(94, 103, 2, '|2015-11-07|'),
(94, 104, 3, '|2015-11-07|'),
(94, 105, 4, '|2015-11-07|'),
(94, 106, 5, '|2015-11-07|'),
(87, 107, 1, '|2015-11-07|'),
(87, 108, 2, '|2015-11-07|'),
(87, 109, 3, '|2015-11-07|'),
(16, 110, 1, '|2015-11-07|'),
(92, 112, 1, '|2015-11-07|'),
(92, 113, 2, '|2015-11-07|'),
(92, 114, 3, '|2015-11-07|'),
(13, 115, 5, '|2015-11-07|'),
(13, 116, 6, '|2015-11-07|'),
(13, 117, 7, '|2015-11-07|'),
(13, 118, 8, '|2015-11-07|'),
(13, 119, 9, '|2015-11-07|'),
(13, 119, 10, '|2015-11-07|'),
(13, 119, 11, '|2015-11-07|'),
(13, 119, 12, '|2015-11-07|'),
(13, 119, 13, '|2015-11-07|'),
(13, 119, 14, '|2015-11-07|'),
(13, 119, 15, '|2015-11-07|'),
(13, 119, 16, '|2015-11-07|'),
(13, 119, 17, '|2015-11-07|'),
(13, 119, 18, '|2015-11-07|'),
(13, 119, 19, '|2015-11-07|'),
(13, 119, 20, '|2015-11-07|'),
(13, 119, 21, '|2015-11-07|');

-- --------------------------------------------------------

--
-- Структура таблицы `leaf`
--
DROP TABLE IF EXISTS `leaf`;
CREATE TABLE `leaf` (
  `id` bigint(20) NOT NULL,
  `leaf_id` int(11) NOT NULL,
  `group_id` bigint(20) NOT NULL DEFAULT '-1',
  `parent_leaf_id` bigint(20) NOT NULL DEFAULT '-1',
  `author_id` bigint(20) NOT NULL DEFAULT '-1',
  `leaf_order` int(11) NOT NULL,
  `opinion` varchar(256) NOT NULL,
  `review` varchar(1024) NOT NULL,
  `creation_date` date NOT NULL DEFAULT '2000-01-01',
  `properties` varchar(8192) NOT NULL DEFAULT ''
) ENGINE=MyISAM DEFAULT CHARSET=utf8;

--
-- Дамп данных таблицы `leaf`
--

INSERT INTO `leaf` (`id`, `leaf_id`, `group_id`, `parent_leaf_id`, `author_id`, `leaf_order`, `opinion`, `review`, `creation_date`, `properties`) VALUES
(1, 1, 1, 0, 0, 1, 'Зайдите в подгруппу чтобы посмотреть мнения и отзывы.', 'У этой группы отзывы не предусмотрены.', '2015-11-04', '|author=admin|'),
(2, 2, 29, -1, 0, 1, 'Каково Ваше мнение по этому поводу?', 'Вы можете написать развёрнутый отзыв в текстовом окне.', '2015-11-04', '|author=admin|'),
(3, 3, 30, -1, 0, 1, 'Каково Ваше мнение по этому поводу?', 'Вы можете написать развёрнутый отзыв в текстовом окне.', '2015-11-04', '|author=admin|'),
(4, 4, 31, -1, 0, 1, 'Каково Ваше мнение по этому поводу?', 'Вы можете написать развёрнутый отзыв в текстовом окне.', '2015-11-04', '|author=admin|'),
(5, 5, 32, -1, 0, 1, 'Каково Ваше мнение по этому поводу?', 'Вы можете написать развёрнутый отзыв в текстовом окне.', '2015-11-04', '|author=admin|'),
(6, 6, 33, -1, 0, 1, 'Каково Ваше мнение по этому поводу?', 'Вы можете написать развёрнутый отзыв в текстовом окне.', '2015-11-04', '|author=admin|'),
(7, 7, 34, -1, 0, 1, 'Каково Ваше мнение по этому поводу?', 'Вы можете написать развёрнутый отзыв в текстовом окне.', '2015-11-04', '|author=admin|'),
(8, 8, 35, -1, 0, 1, 'Каково Ваше мнение по этому поводу?', 'Вы можете написать развёрнутый отзыв в текстовом окне.', '2015-11-04', '|author=admin|'),
(9, 9, 36, -1, 0, 1, 'Каково Ваше мнение по этому поводу?', 'Вы можете написать развёрнутый отзыв в текстовом окне.', '2015-11-04', '|author=admin|'),
(10, 10, 37, -1, 0, 1, 'Каково Ваше мнение по этому поводу?', 'Вы можете написать развёрнутый отзыв в текстовом окне.', '2015-11-04', '|author=admin|'),
(11, 11, 38, -1, 0, 1, 'Каково Ваше мнение по этому поводу?', 'Вы можете написать развёрнутый отзыв в текстовом окне.', '2015-11-04', '|author=admin|'),
(12, 12, 39, -1, 0, 1, 'Каково Ваше мнение по этому поводу?', 'Вы можете написать развёрнутый отзыв в текстовом окне.', '2015-11-04', '|author=admin|'),
(13, 13, 40, -1, 0, 1, 'Каково Ваше мнение по этому поводу?', 'Вы можете написать развёрнутый отзыв в текстовом окне.', '2015-11-04', '|author=admin|'),
(14, 14, 41, -1, 0, 1, 'Каково Ваше мнение по этому поводу?', 'Вы можете написать развёрнутый отзыв в текстовом окне.', '2015-11-04', '|author=admin|'),
(15, 15, 29, -1, 0, 2, 'Я предпочитаю отдыхать на курортах', '', '2015-11-04', '|author=admin|'),
(19, 16, 87, -1, 0, 1, 'Лучшие в мире автомобили', '', '2015-11-08', ''),
(20, 17, 87, -1, 0, 2, 'Особенно те, которые собраны в Японии для японского рынка', '', '2015-11-08', ''),
(21, 18, 85, -1, 0, 1, 'Классическая немецкая марка', '', '2015-11-15', ''),
(22, 19, 84, -1, 0, 1, 'Американские автомомбили уступают и немецким и японским по качеству и надёжности', '', '2015-11-15', ''),
(23, 20, 92, -1, 0, 1, 'Хочу дом!!!', '', '2016-05-08', ''),
(24, 21, 92, -1, 0, 2, 'Хочу с садом и кортом!', '', '2016-05-08', ''),
(25, 22, 92, -1, 0, 3, 'И с баней!!!', '', '2016-05-08', '');

-- --------------------------------------------------------

--
-- Структура таблицы `menu`
--
DROP TABLE IF EXISTS `menu`;
CREATE TABLE `menu` (
  `id` int(11) NOT NULL,
  `parent_menu_id` int(11) NOT NULL,
  `menu_id` int(11) NOT NULL,
  `title` varchar(64) NOT NULL,
  `native_lang_title` varchar(64) NOT NULL,
  `link` varchar(1024) NOT NULL,
  `properties` varchar(8192) NOT NULL
) ENGINE=MyISAM DEFAULT CHARSET=utf8;

--
-- Дамп данных таблицы `menu`
--

INSERT INTO `menu` (`id`, `parent_menu_id`, `menu_id`, `title`, `native_lang_title`, `link`, `properties`) VALUES
(1, 0, 0, 'home', 'Главная страница', 'Index.php', ''),
(2, 0, 1, 'search', 'Поиск', '', ''),
(3, 0, 2, 'catalog', 'Каталог', 'Catalogue.php?GroupName=Root&GroupId=0', ''),
(4, 0, 3, 'enrance', 'Вход', '', ''),
(5, 0, 4, 'registration', 'Регистрация', '', ''),
(6, 0, 5, 'go uot', 'Выход', '', ''),
(7, 0, 6, 'help', 'Помощь', '', '');

--
-- Индексы сохранённых таблиц
--

--
-- Индексы таблицы `groups`
--
ALTER TABLE `groups`
  ADD PRIMARY KEY (`id`),
  ADD UNIQUE KEY `group_id` (`group_id`);

--
-- Индексы таблицы `leaf`
--
ALTER TABLE `leaf`
  ADD PRIMARY KEY (`id`);

--
-- Индексы таблицы `menu`
--
ALTER TABLE `menu`
  ADD PRIMARY KEY (`id`);

--
-- AUTO_INCREMENT для сохранённых таблиц
--

--
-- AUTO_INCREMENT для таблицы `groups`
--
ALTER TABLE `groups`
  MODIFY `id` bigint(20) NOT NULL AUTO_INCREMENT, AUTO_INCREMENT=164;
--
-- AUTO_INCREMENT для таблицы `leaf`
--
ALTER TABLE `leaf`
  MODIFY `id` bigint(20) NOT NULL AUTO_INCREMENT, AUTO_INCREMENT=26;
--
-- AUTO_INCREMENT для таблицы `menu`
--
ALTER TABLE `menu`
  MODIFY `id` int(11) NOT NULL AUTO_INCREMENT, AUTO_INCREMENT=9;
/*!40101 SET CHARACTER_SET_CLIENT=@OLD_CHARACTER_SET_CLIENT */;
/*!40101 SET CHARACTER_SET_RESULTS=@OLD_CHARACTER_SET_RESULTS */;
/*!40101 SET COLLATION_CONNECTION=@OLD_COLLATION_CONNECTION */;
